Student_ID,Passcode,Group,Mid1st,Mid2nd,Miterm,HW1,HW2,HW3,HW4,HW5,EC,Att,Final_Presentation,Total
2025012895,k0289,G3,192,205,38,4,4,3.5,3.5,3,3,10,26,95
2025012896,T1127,G1,177,181,36,4,4,3,3,3,3,10,25,91
2024013513,K1218,G6,97,123,28,4,4,3,3,3,2,9,26,82
2025012897,C0111,G1,184,187,36,4,4,3,3,3.5,2,9.5,28,93
2025012898,G1124,G5,64,163,30,4,4,3.5,4,3,2.5,10,27,88
2025012899,K2025,G4,175,149,34,4,4,3,3,3,2,10,25,88
2023013205,K0405,G2,129,141,29,4,4,3,3.5,3.5,3,10,27,87
2025012902,J3207,G1,110,121,28,4,4,3,3.5,3.5,4,10,26,86
2025012903,G2025,G2,135,189,32,4,4,4,3.5,3,2,10,29,91.5
2025012904,Y0519,G3,175,191,34.5,4,4,3,3,3,2,10,27,90.5
2025012905,j0819,G6,106,135,29,4,4,3,4,3,3,10,25,85
2025012906,B3175,G3,105,145,29,4,4,4,4,3,3,10,25,86
2025012907,W0623,G4,199,207,39,4,4,3.5,3.5,4,2,10,28,98
2025012908,L0824,G6,168,173,33,4,4,3.5,4,3,3.5,10,26,91
2025012909,J8897,G4,191,193,38,4,4,3,3.5,3,2.5,10,28,96
2025012910,J0624,G6,141,173,31,4,4,4,3.5,3.5,3,10,29,92
2025012912,J3733,G2,179,165,34,4,4,4,3.5,3,2,10,29,93.5
2025012914,K0802,G1,124,173,30,4,4,3.5,4,3,2,10,27,87.5
2025012915,Y0608,G4,150,187,32,4,4,3.5,4,3.5,2,10,27,90
2025012916,A2006,G2,159,191,34,4,4,3.5,3.5,3,2.5,9.5,27,91
2025012917,H4858,G5,182,201,37,4,4,4,3.5,3.5,2,10,28,96
2025012918,H1024,G5,164,203,35,4,4,3,3.5,3.5,2,10,26,91
2025012919,Y0445,G5,186,199,37,4,4,3.5,4,3.5,3,10,26,95
